"project_id","employee","rank_before_no_rating","rank_after_with_rating","rank_change","pm_rating_avg_of_5","perf_before","perf_after","score_before","score_after"
"23","Miguel Lopez","2","1","1","3.50","0.7","0.7","0.941","0.941"
"23","Charles Burgos","4","2","2","4.00","0.7","0.8","0.925","0.940"
"23","Vence Gopez","3","3","0","2.33","0.7","0.466","0.934","0.899"
"23","Mark Anthony Reyes","1","4","-3","1.83","0.7","0.366","0.941","0.891"
"23","Lorenzo Bautista","5","5","0","1.50","0.7","0.3","0.913","0.853"
"23","Carlo Miguel Reyes","6","6","0","3.17","0.7","0.634","0.741","0.731"
"23","Joshua Miguel Diaz","7","7","0","5.00","0.7","1","0.570","0.615"
"23","John Michael Villanueva","8","8","0","3.50","0.7","0.7","0.455","0.455"
"23","Christian Paolo Mendoza","9","9","0","4.00","0.7","0.8","0.439","0.454"
"23","Aaron Joseph Garcia","10","10","0","5.00","0.7","1","0.341","0.386"
"23","Raymond Carlo Navarro","14","11","3","5.00","0.7","1","0.341","0.386"
"23","Karen Batara","12","12","0","4.83","0.7","0.966","0.341","0.381"
"23","test one","15","13","2","3.50","0.7","0.7","0.341","0.341"
"23","Zyla Cristobal","16","14","2","3.50","0.7","0.7","0.341","0.341"
"23","Patrick Lawrence Cruz","17","15","2","4.00","0.7","0.8","0.325","0.340"
"23","Francis Dominic Flores","11","16","-5","3.17","0.7","0.634","0.341","0.331"
"23","Kevin John Bautista","13","17","-4","3.17","0.7","0.634","0.341","0.331"
"24","Miguel Lopez","2","1","1","3.50","0.7","0.7","0.671","0.671"
"24","Charles Burgos","4","2","2","4.00","0.7","0.8","0.655","0.670"
"24","Vence Gopez","3","3","0","2.33","0.7","0.466","0.664","0.629"
"24","Mark Anthony Reyes","1","4","-3","1.83","0.7","0.366","0.671","0.621"
"24","Carlo Miguel Reyes","6","5","1","3.17","0.7","0.634","0.611","0.601"
"24","Lorenzo Bautista","5","6","-1","1.50","0.7","0.3","0.643","0.583"
"24","Joshua Miguel Diaz","7","7","0","5.00","0.7","1","0.463","0.508"
"24","John Michael Villanueva","8","8","0","3.50","0.7","0.7","0.461","0.461"
"24","Christian Paolo Mendoza","9","9","0","4.00","0.7","0.8","0.445","0.460"
"24","Aaron Joseph Garcia","10","10","0","5.00","0.7","1","0.341","0.386"
"24","Raymond Carlo Navarro","14","11","3","5.00","0.7","1","0.341","0.386"
"24","Karen Batara","12","12","0","4.83","0.7","0.966","0.341","0.381"
"24","test one","15","13","2","3.50","0.7","0.7","0.341","0.341"
"24","Zyla Cristobal","16","14","2","3.50","0.7","0.7","0.341","0.341"
"24","Patrick Lawrence Cruz","17","15","2","4.00","0.7","0.8","0.325","0.340"
"24","Francis Dominic Flores","11","16","-5","3.17","0.7","0.634","0.341","0.331"
"24","Kevin John Bautista","13","17","-4","3.17","0.7","0.634","0.341","0.331"
"25","Carlo Miguel Reyes","1","1","0","3.17","0.7","0.634","0.662","0.652"
"25","Miguel Lopez","3","2","1","3.50","0.7","0.7","0.592","0.592"
"25","Charles Burgos","5","3","2","4.00","0.7","0.8","0.577","0.591"
"25","Mark Anthony Reyes","2","4","-2","1.83","0.7","0.366","0.634","0.584"
"25","Kevin John Bautista","7","5","2","3.17","0.7","0.634","0.564","0.554"
"25","Vence Gopez","4","6","-2","2.33","0.7","0.466","0.586","0.550"
"25","Lorenzo Bautista","6","7","-1","1.50","0.7","0.3","0.564","0.504"
"25","Joshua Miguel Diaz","10","8","2","5.00","0.7","1","0.397","0.442"
"25","Christian Paolo Mendoza","9","9","0","4.00","0.7","0.8","0.423","0.438"
"25","John Michael Villanueva","8","10","-2","3.50","0.7","0.7","0.439","0.438"
"25","Raymond Carlo Navarro","11","11","0","5.00","0.7","1","0.383","0.428"
"25","Patrick Lawrence Cruz","12","12","0","4.00","0.7","0.8","0.381","0.396"
"25","Aaron Joseph Garcia","13","13","0","5.00","0.7","1","0.341","0.386"
"25","Karen Batara","15","14","1","4.83","0.7","0.966","0.341","0.381"
"25","test one","16","15","1","3.50","0.7","0.7","0.341","0.341"
"25","Zyla Cristobal","17","16","1","3.50","0.7","0.7","0.341","0.341"
"25","Francis Dominic Flores","14","17","-3","3.17","0.7","0.634","0.341","0.331"
"26","Kevin John Bautista","1","1","0","3.17","0.7","0.634","0.866","0.856"
"26","Raymond Carlo Navarro","2","2","0","5.00","0.7","1","0.679","0.723"
"26","John Michael Villanueva","3","3","0","3.50","0.7","0.7","0.529","0.528"
"26","Joshua Miguel Diaz","4","4","0","5.00","0.7","1","0.463","0.508"
"26","Christian Paolo Mendoza","5","5","0","4.00","0.7","0.8","0.400","0.415"
"26","Aaron Joseph Garcia","12","6","6","5.00","0.7","1","0.341","0.386"
"26","Karen Batara","14","7","7","4.83","0.7","0.966","0.341","0.381"
"26","Charles Burgos","10","8","2","4.00","0.7","0.8","0.363","0.378"
"26","Miguel Lopez","8","9","-1","3.50","0.7","0.7","0.379","0.378"
"26","Carlo Miguel Reyes","6","10","-4","3.17","0.7","0.634","0.379","0.368"
"26","test one","15","11","4","3.50","0.7","0.7","0.341","0.341"
"26","Zyla Cristobal","16","12","4","3.50","0.7","0.7","0.341","0.341"
"26","Patrick Lawrence Cruz","17","13","4","4.00","0.7","0.8","0.325","0.340"
"26","Vence Gopez","9","14","-5","2.33","0.7","0.466","0.372","0.337"
"26","Francis Dominic Flores","13","15","-2","3.17","0.7","0.634","0.341","0.331"
"26","Mark Anthony Reyes","7","16","-9","1.83","0.7","0.366","0.379","0.328"
"26","Lorenzo Bautista","11","17","-6","1.50","0.7","0.3","0.351","0.291"
"27","Patrick Lawrence Cruz","1","1","0","4.00","0.7","0.8","0.550","0.565"
"27","Christian Paolo Mendoza","4","2","2","4.00","0.7","0.8","0.513","0.528"
"27","John Michael Villanueva","2","3","-1","3.50","0.7","0.7","0.529","0.528"
"27","Miguel Lopez","6","4","2","3.50","0.7","0.7","0.491","0.491"
"27","Charles Burgos","8","5","3","4.00","0.7","0.8","0.475","0.490"
"27","Carlo Miguel Reyes","5","6","-1","3.17","0.7","0.634","0.491","0.481"
"27","Mark Anthony Reyes","3","7","-4","1.83","0.7","0.366","0.529","0.478"
"27","Vence Gopez","7","8","-1","2.33","0.7","0.466","0.484","0.449"
"27","Raymond Carlo Navarro","11","9","2","5.00","0.7","1","0.379","0.423"
"27","Lorenzo Bautista","9","10","-1","1.50","0.7","0.3","0.463","0.403"
"27","Joshua Miguel Diaz","12","11","1","5.00","0.7","1","0.351","0.396"
"27","Aaron Joseph Garcia","13","12","1","5.00","0.7","1","0.341","0.386"
"27","Karen Batara","15","13","2","4.83","0.7","0.966","0.341","0.381"
"27","Kevin John Bautista","10","14","-4","3.17","0.7","0.634","0.379","0.368"
"27","test one","16","15","1","3.50","0.7","0.7","0.341","0.341"
"27","Zyla Cristobal","17","16","1","3.50","0.7","0.7","0.341","0.341"
"27","Francis Dominic Flores","14","17","-3","3.17","0.7","0.634","0.341","0.331"
"28","Miguel Lopez","3","1","2","3.50","0.7","0.7","0.895","0.895"
"28","Charles Burgos","5","2","3","4.00","0.7","0.8","0.879","0.894"
"28","Lorenzo Bautista","1","3","-2","1.50","0.7","0.3","0.913","0.853"
"28","Vence Gopez","4","4","0","2.33","0.7","0.466","0.888","0.853"
"28","Mark Anthony Reyes","2","5","-3","1.83","0.7","0.366","0.895","0.844"
"28","Carlo Miguel Reyes","6","6","0","3.17","0.7","0.634","0.572","0.562"
"28","Joshua Miguel Diaz","7","7","0","5.00","0.7","1","0.436","0.481"
"28","Christian Paolo Mendoza","9","8","1","4.00","0.7","0.8","0.387","0.402"
"28","John Michael Villanueva","8","9","-1","3.50","0.7","0.7","0.403","0.402"
"28","Aaron Joseph Garcia","11","10","1","5.00","0.7","1","0.341","0.386"
"28","Raymond Carlo Navarro","15","11","4","5.00","0.7","1","0.341","0.386"
"28","Karen Batara","13","12","1","4.83","0.7","0.966","0.341","0.381"
"28","Patrick Lawrence Cruz","10","13","-3","4.00","0.7","0.8","0.341","0.356"
"28","test one","16","14","2","3.50","0.7","0.7","0.341","0.341"
"28","Zyla Cristobal","17","15","2","3.50","0.7","0.7","0.341","0.341"
"28","Francis Dominic Flores","12","16","-4","3.17","0.7","0.634","0.341","0.331"
"28","Kevin John Bautista","14","17","-3","3.17","0.7","0.634","0.341","0.331"
"29","Charles Burgos","3","1","2","4.00","0.7","0.8","0.547","0.562"
"29","Miguel Lopez","2","2","0","3.50","0.7","0.7","0.563","0.562"
"29","Patrick Lawrence Cruz","5","3","2","4.00","0.7","0.8","0.521","0.536"
"29","Mark Anthony Reyes","1","4","-3","1.83","0.7","0.366","0.575","0.525"
"29","Lorenzo Bautista","4","5","-1","1.50","0.7","0.3","0.535","0.475"
"29","Vence Gopez","6","6","0","2.33","0.7","0.466","0.504","0.469"
"29","Raymond Carlo Navarro","9","7","2","5.00","0.7","1","0.354","0.399"
"29","Aaron Joseph Garcia","10","8","2","5.00","0.7","1","0.341","0.386"
"29","Karen Batara","13","9","4","4.83","0.7","0.966","0.341","0.381"
"29","Joshua Miguel Diaz","17","10","7","5.00","0.7","1","0.326","0.371"
"29","John Michael Villanueva","7","11","-4","3.50","0.7","0.7","0.354","0.354"
"29","Christian Paolo Mendoza","16","12","4","4.00","0.7","0.8","0.338","0.353"
"29","Kevin John Bautista","8","13","-5","3.17","0.7","0.634","0.354","0.344"
"29","test one","14","14","0","3.50","0.7","0.7","0.341","0.341"
"29","Zyla Cristobal","15","15","0","3.50","0.7","0.7","0.341","0.341"
"29","Carlo Miguel Reyes","11","16","-5","3.17","0.7","0.634","0.341","0.331"
"29","Francis Dominic Flores","12","17","-5","3.17","0.7","0.634","0.341","0.331"
"30","Joshua Miguel Diaz","1","1","0","5.00","0.7","1","0.635","0.679"
"30","Christian Paolo Mendoza","2","2","0","4.00","0.7","0.8","0.625","0.640"
"30","Raymond Carlo Navarro","7","3","4","5.00","0.7","1","0.362","0.407"
"30","Aaron Joseph Garcia","11","4","7","5.00","0.7","1","0.341","0.386"
"30","Karen Batara","14","5","9","4.83","0.7","0.966","0.341","0.381"
"30","Charles Burgos","9","6","3","4.00","0.7","0.8","0.347","0.362"
"30","John Michael Villanueva","4","7","-3","3.50","0.7","0.7","0.362","0.362"
"30","Miguel Lopez","6","8","-2","3.50","0.7","0.7","0.362","0.362"
"30","Patrick Lawrence Cruz","10","9","1","4.00","0.7","0.8","0.347","0.362"
"30","Kevin John Bautista","5","10","-5","3.17","0.7","0.634","0.362","0.352"
"30","test one","15","11","4","3.50","0.7","0.7","0.341","0.341"
"30","Zyla Cristobal","16","12","4","3.50","0.7","0.7","0.341","0.341"
"30","Mark Anthony Reyes","3","13","-10","1.83","0.7","0.366","0.383","0.333"
"30","Carlo Miguel Reyes","12","14","-2","3.17","0.7","0.634","0.341","0.331"
"30","Francis Dominic Flores","13","15","-2","3.17","0.7","0.634","0.341","0.331"
"30","Vence Gopez","8","16","-8","2.33","0.7","0.466","0.356","0.321"
"30","Lorenzo Bautista","17","17","0","1.50","0.7","0.3","0.335","0.274"
"31","Christian Paolo Mendoza","1","1","0","4.00","0.7","0.8","0.925","0.940"
"31","Joshua Miguel Diaz","2","2","0","5.00","0.7","1","0.553","0.598"
"31","Raymond Carlo Navarro","6","3","3","5.00","0.7","1","0.461","0.506"
"31","John Michael Villanueva","3","4","-1","3.50","0.7","0.7","0.461","0.461"
"31","Patrick Lawrence Cruz","7","5","2","4.00","0.7","0.8","0.445","0.460"
"31","Kevin John Bautista","4","6","-2","3.17","0.7","0.634","0.461","0.451"
"31","Mark Anthony Reyes","5","7","-2","1.83","0.7","0.366","0.461","0.411"
"31","Aaron Joseph Garcia","8","8","0","5.00","0.7","1","0.341","0.386"
"31","Karen Batara","11","9","2","4.83","0.7","0.966","0.341","0.381"
"31","Miguel Lopez","12","10","2","3.50","0.7","0.7","0.341","0.341"
"31","test one","13","11","2","3.50","0.7","0.7","0.341","0.341"
"31","Zyla Cristobal","14","12","2","3.50","0.7","0.7","0.341","0.341"
"31","Charles Burgos","16","13","3","4.00","0.7","0.8","0.325","0.340"
"31","Carlo Miguel Reyes","9","14","-5","3.17","0.7","0.634","0.341","0.331"
"31","Francis Dominic Flores","10","15","-5","3.17","0.7","0.634","0.341","0.331"
"31","Vence Gopez","15","16","-1","2.33","0.7","0.466","0.334","0.299"
"31","Lorenzo Bautista","17","17","0","1.50","0.7","0.3","0.313","0.253"
"32","Miguel Lopez","2","1","1","3.50","0.7","0.7","0.941","0.941"
"32","Charles Burgos","4","2","2","4.00","0.7","0.8","0.925","0.940"
"32","Vence Gopez","3","3","0","2.33","0.7","0.466","0.934","0.899"
"32","Mark Anthony Reyes","1","4","-3","1.83","0.7","0.366","0.941","0.891"
"32","Lorenzo Bautista","5","5","0","1.50","0.7","0.3","0.913","0.853"
"32","Joshua Miguel Diaz","7","6","1","5.00","0.7","1","0.601","0.646"
"32","Carlo Miguel Reyes","6","7","-1","3.17","0.7","0.634","0.653","0.643"
"32","Aaron Joseph Garcia","8","8","0","5.00","0.7","1","0.341","0.386"
"32","Raymond Carlo Navarro","13","9","4","5.00","0.7","1","0.341","0.386"
"32","Karen Batara","11","10","1","4.83","0.7","0.966","0.341","0.381"
"32","John Michael Villanueva","10","11","-1","3.50","0.7","0.7","0.341","0.341"
"32","test one","14","12","2","3.50","0.7","0.7","0.341","0.341"
"32","Zyla Cristobal","15","13","2","3.50","0.7","0.7","0.341","0.341"
"32","Christian Paolo Mendoza","16","14","2","4.00","0.7","0.8","0.325","0.340"
"32","Patrick Lawrence Cruz","17","15","2","4.00","0.7","0.8","0.325","0.340"
"32","Francis Dominic Flores","9","16","-7","3.17","0.7","0.634","0.341","0.331"
"32","Kevin John Bautista","12","17","-5","3.17","0.7","0.634","0.341","0.331"