phrase,label
bid preparation for tenders,Skill
proposal engineering and bid preparation,Skill
power and distribution transformers,Skill
electrical engineering services,Skill
power systems and transformer supply projects,Skill
industrial proposal and tender engineering,Skill
cross-functional collaboration,Skill
client requirements gathering,Skill
electrical cost estimation,Skill
technical documentation review,Skill
ups service support and coordination,Skill
sales engineering support,Skill
explosion-proof lighting systems,Skill
hazardous area equipment handling,Skill
lighting calculation and analysis,Skill
industrial control systems maintenance,Skill
architectural drafting standards,Skill
dialux lighting simulation,Skill
autocad 2d drafting,Skill
autocad 3d modeling,Skill
project scheduling and coordination,Skill
vendor negotiation,Skill
quality assurance inspection,Skill
technical specification writing,Skill
customer relationship management,Skill
budget forecasting,Skill
risk assessment for construction projects,Skill
supply chain coordination,Skill
cable sizing and load calculation,Skill
single line diagram preparation,Skill
panel board layout design,Skill
switchgear specification,Skill
preventive maintenance scheduling,Skill
occupational safety compliance,Skill
electrical code compliance,Skill
energy audit and analysis,Skill
generator sizing and selection,Skill
voltage drop calculation,Skill
photometric report preparation,Skill
LED retrofit design,Skill
solar PV system design,Skill
control panel wiring,Skill
root cause analysis,Skill
inventory and materials management,Skill
contract review and compliance,Skill
after-sales technical support,Skill
warranty claims processing,Skill
site survey and inspection,Skill
transformer testing and commissioning,Skill
earthing and grounding system design,Skill
power factor correction,Skill
technical proposal costing,Skill
client presentation and pitching,Skill
Senior CAD Drafter,Not Skill
Lighting Designer,Not Skill
Proposal Engineer,Not Skill
Full Name,Not Skill
Employee ID,Not Skill
Date Hired,Not Skill
License Number,Not Skill
10 years,Not Skill
"June 15, 2016",Not Skill
Philippines,Not Skill
Mapua University,Not Skill
Company Logo,Not Skill
Internal Use Only,Not Skill
Confidential,Not Skill
EMP-006,Not Skill
Engineering Services,Not Skill
Industrial Facilities,Not Skill
Construction Projects,Not Skill
Years of Professional Experience,Not Skill
Manager Remarks,Not Skill
Educational Background,Not Skill
Training and Certifications,Not Skill
Relevant Project Experience,Not Skill
Areas of Specialization,Not Skill
Senior-Level,Not Skill
Functional Area,Not Skill
Experience Category,Not Skill
Primary Role,Not Skill
Project Engineer,Not Skill
Field Technician,Not Skill
Account Manager,Not Skill
Marketing Coordinator,Not Skill
Civil Status,Not Skill
Contact Number,Not Skill
Email Address,Not Skill
Home Address,Not Skill
Nationality,Not Skill
Religion,Not Skill
Signature,Not Skill
Approved By,Not Skill
Date Prepared,Not Skill
Reference Number,Not Skill
Page 1 of 3,Not Skill
Attachment,Not Skill
Department,Not Skill
Job Level,Not Skill
Immediate Supervisor,Not Skill
Remarks,Not Skill
N/A,Not Skill
TIN Number,Not Skill
SSS Number,Not Skill
Emergency Contact,Not Skill
Years of Service,Not Skill
